{
    "3a9464f8-5025-4a79-ac94-9e3d51f1ef49": [
        [
            1203.320447144922,
            1221.0846371449218
        ],
        [
            308.2883092852933,
            358.54521928529334
        ],
        [
            618.9908976136719,
            626.8086176136719
        ],
        [
            1263.3742571449218,
            1267.7350371449218
        ],
        [
            1196.8195771449218,
            1202.547927144922
        ],
        [
            1795.2850931068358,
            1803.0248431068358
        ],
        [
            1747.6688531068357,
            1757.528113106836
        ],
        [
            696.9341476136719,
            707.3625976136719
        ],
        [
            1606.097027203911,
            1638.483533106836
        ],
        [
            37.414028599999995,
            49.4190286
        ]
    ],
    "8c1b30cd-f67f-479a-b723-7367528ccb8e": [
        [
            966.37681762133,
            980.3627076213301
        ],
        [
            573.0564476213301,
            578.86871762133
        ],
        [
            905.7860976213301,
            917.14256762133
        ],
        [
            1.2196196,
            10.449459599999999
        ],
        [
            324.7893009546634,
            347.9120609546634
        ],
        [
            910.46249762133,
            922.32999762133
        ],
        [
            54.186389600000005,
            65.1040996
        ],
        [
            764.0736576213301,
            768.1413776213301
        ],
        [
            872.57170762133,
            881.33106762133
        ],
        [
            629.82602762133,
            638.8980376213301
        ]
    ],
    "9c785597-7d3e-4831-a8b9-9e640e3bbb83": [
        [
            8.95401,
            17.09092
        ],
        [
            245.78385,
            252.62093
        ],
        [
            317.56155,
            323.61563
        ],
        [
            326.53162,
            339.06087
        ],
        [
            134.83403,
            139.92514
        ],
        [
            314.35644,
            322.33254
        ],
        [
            65.9156,
            92.46042
        ],
        [
            300.32372,
            306.69867
        ],
        [
            160.30262,
            168.46002
        ],
        [
            169.7083,
            174.05985
        ]
    ],
    "d0925317-dc23-4cb4-a375-a7baddc06b27": [
        [
            748.3669286,
            874.7718886
        ],
        [
            128.8385186,
            165.0423486
        ],
        [
            912.7730386000001,
            930.1325086
        ],
        [
            1012.9885386,
            1018.2486986
        ],
        [
            6.1675386,
            48.5543186
        ],
        [
            1038.4450286,
            1044.6766885999998
        ],
        [
            85.54316859999999,
            139.6949886
        ],
        [
            0.0210286,
            29.1793386
        ],
        [
            1115.7884485999998,
            1145.8430286
        ],
        [
            1076.8079685999999,
            1092.0402786
        ]
    ],
    "3c9c9412-cdab-4d59-b035-2a94cfa06902": [
        [
            37.55114,
            133.1903
        ],
        [
            1.59587,
            14.76694
        ],
        [
            320.83564,
            354.10796
        ],
        [
            16.57186,
            38.9377
        ],
        [
            172.76521,
            239.1
        ],
        [
            97.55702,
            170.62084
        ],
        [
            36.2753,
            93.35708
        ],
        [
            385.37405,
            408.13419999999996
        ],
        [
            409.62914,
            431.98127
        ],
        [
            11.01215,
            17.16422
        ]
    ],
    "e84c2ee8-0e6a-4d77-953d-00fb5afd76c4": [
        [
            552.0723666666668,
            588.6830466666668
        ],
        [
            675.9729266666667,
            682.8330966666667
        ],
        [
            854.4260066666667,
            870.5943566666667
        ],
        [
            939.3249366666668,
            979.5382466666667
        ],
        [
            921.8794366666667,
            927.4430866666667
        ],
        [
            878.6642866666667,
            892.6564266666667
        ],
        [
            654.2395566666667,
            659.4829666666667
        ],
        [
            554.9079666666668,
            566.2111366666667
        ],
        [
            606.5152666666668,
            615.4353066666667
        ],
        [
            770.8526766666668,
            787.2030166666667
        ]
    ],
    "df1dccd6-4463-4221-ba8d-b5e7e066ca6b": [
        [
            34.1527386,
            39.7435086
        ],
        [
            107.58561859999999,
            112.1610386
        ],
        [
            150.6418986,
            23.0793386
        ],
        [
            87.04299859999999,
            106.1994386
        ],
        [
            140.8755886,
            148.5216686
        ],
        [
            35.2810186,
            40.1639486
        ],
        [
            58.0035086,
            70.23393859999999
        ],
        [
            41.0751386,
            54.3874386
        ],
        [
            110.6169386,
            114.5844386
        ],
        [
            148.0721586,
            156.8009386
        ]
    ],
    "3e1791bb-5b42-4946-83aa-152a7f155cac": [
        [
            735.2008986,
            756.4415186
        ],
        [
            476.1737886,
            500.06194860000005
        ],
        [
            33.9278186,
            50.4126286
        ],
        [
            89.6454986,
            101.71522859999999
        ],
        [
            757.3800486,
            769.1531686
        ],
        [
            225.8170286,
            242.4520286
        ],
        [
            832.7880186458333,
            842.6477886458333
        ],
        [
            783.4850286,
            785.7040286
        ],
        [
            631.8220286000001,
            688.7370286
        ],
        [
            395.0786186,
            402.7630286
        ]
    ],
    "38d9b803-a91f-4df5-8d3d-9b3d206cf5cf": [
        [
            671.6800211999999,
            686.9836512
        ],
        [
            117.7969412,
            125.2439312
        ],
        [
            642.8321712000001,
            669.7132712
        ],
        [
            147.4560312,
            155.12698120000002
        ],
        [
            365.98708120000003,
            386.85105120000003
        ],
        [
            168.85280120000002,
            183.9870412
        ],
        [
            330.3285612,
            342.8642812
        ],
        [
            666.8744012,
            678.3721212
        ],
        [
            475.5280812,
            492.1971512
        ],
        [
            91.61026120000001,
            102.37261120000001
        ]
    ],
    "22db8c7d-f7d7-48e9-9b9a-624bc83942ac": [
        [
            1822.4695285999999,
            1828.4726286
        ],
        [
            115.2854986,
            121.8100886
        ],
        [
            1161.0314586,
            1175.1734086
        ],
        [
            2284.8426086,
            2289.3514086
        ],
        [
            992.7677086,
            998.3090986000001
        ],
        [
            1464.5715685999999,
            1470.7085986
        ],
        [
            343.70921860000004,
            352.89763860000005
        ],
        [
            963.7889686,
            994.8491586
        ],
        [
            270.4487786,
            284.9089286
        ],
        [
            636.8068686,
            647.8063686
        ]
    ],